EigenMode,Real,Imag,NaturalFrequency [Hz]
1,28593680,0,851.0501604327
2,29436500,0,863.501740341
3,155363700,0,1983.7864035131
4,156302700,0,1989.7722589843
5,209435500,0,2303.2722785596
6,209913400,0,2305.8986399226
7,416934000,0,3249.7786994169
8,439182900,0,3335.360972349
9,621457100,0,3967.5801489994
10,622177500,0,3969.8791145207
